<?xml version="1.0" encoding="UTF-8"?>
<!DOCTYPE suite SYSTEM "https://testng.org/testng-1.0.dtd">
<suite name="Suite" parallel="tests">

  <test thread-count="5" name="CTest">
  <parameter name="browser" value="chrome"></parameter>
    <classes>
      <class name="testcases.TC_001Login"/>
    <!--   <class name="testcases.TC_002CreateLead"/> -->
    </classes>
  </test> <!-- Test -->
  
  
  <test thread-count="5" name="ETest">
  <parameter name="browser" value="edge"></parameter>
    <classes>
      <class name="testcases.TC_001Login"/>
    <!--   <class name="testcases.TC_002CreateLead"/> -->
    </classes>
  </test> <!-- Test -->
  
  <test thread-count="5" name="FTest">
  <parameter name="browser" value="firefox"></parameter>
    <classes>
      <class name="testcases.TC_001Login"/>
    <!--   <class name="testcases.TC_002CreateLead"/> -->
    </classes>
  </test> <!-- Test -->
  
  
</suite> <!-- Suite -->
