<?xml version="1.0" encoding="UTF-8"?>
<!DOCTYPE suite SYSTEM "https://testng.org/testng-1.0.dtd">
<suite name="Suite" verbose="5">


  <test  name="enTest">
  <parameter name="language" value="en"></parameter>
    <classes>
      <class name="testcases.TC_001Login"/>
     <!--  <class name="testcases.TC_002CreateLead"/> -->
    </classes>
  </test> <!-- Test -->
  
  <test  name="frTest">
  <parameter name="language" value="fr"></parameter>
    <classes>
      <class name="testcases.TC_001Login"/>
     <!--  <class name="testcases.TC_002CreateLead"/> -->
    </classes>
  </test> <!-- Test -->
  
</suite> <!-- Suite -->
